critere,Airthings Space Plus,Milesight AM319,Vaisala GMW90,source/preuve
CO2 / temperature / humidite,,,,
Alimentation et maintenance,,,,
Mode de communication principal,,,,
Fonctionnement sans service cloud,,,,
Interface ou protocole documente pour integration tierce,,,,
Acces / export des donnees,,,,
Stockage ou continuité en cas de perte de liaison,,,,
Calibration / maintenance metrologique,,,,
Mises a jour / support documente,,,,
Dependance fournisseur identifiee,,,,
Information importante non trouvee,,,,
